{
  "10": {
    "pycbc_time_s": 2.003299848998722,
    "predict_time_s": 0.1656759659999807,
    "mean_match": 0.6718903931167218,
    "n_success": 10
  },
  "100": {
    "pycbc_time_s": 19.91978749700138,
    "predict_time_s": 0.7799859709994053,
    "mean_match": 0.6107079852903758,
    "n_success": 100
  },
  "1000": {
    "pycbc_time_s": 198.52140769999824,
    "predict_time_s": 7.505935295997915,
    "mean_match": 0.6141863384953057,
    "n_success": 1000
  }
}