{
  "10": {
    "data_gen_time_s": 1.6121162720010034,
    "single_time_s": 0.18224945000110893,
    "batch_time_s": 0.0802929010023945,
    "mean_match_single": 0.8412125706672668,
    "mean_match_batch": 0.8412125095885135
  },
  "100": {
    "data_gen_time_s": 15.817416235000564,
    "single_time_s": 0.9465712339988386,
    "batch_time_s": 0.5776843469975574,
    "mean_match_single": 0.8692564368247986,
    "mean_match_batch": 0.8692563242884244
  },
  "1000": {
    "data_gen_time_s": 158.8248463179989,
    "single_time_s": 9.113488368999242,
    "batch_time_s": 5.908149314000184,
    "mean_match_single": 0.8555810451507568,
    "mean_match_batch": 0.8555810324030638
  }
}