{
  "10": {
    "pycbc_time_s": 1.969097454999428,
    "predict_time_s": 0.1606395960006921,
    "mean_match": 0.6089732860425386,
    "n_success": 10
  },
  "100": {
    "pycbc_time_s": 19.54095617999883,
    "predict_time_s": 0.7205436779986485,
    "mean_match": 0.6244209155107596,
    "n_success": 100
  },
  "1000": {
    "pycbc_time_s": 196.54330024299998,
    "predict_time_s": 6.977905079998891,
    "mean_match": 0.630442004765013,
    "n_success": 1000
  }
}