{
  "10": {
    "pycbc_time_s": 3.3548498370000175,
    "predict_time_s": 0.23794676400001435,
    "mean_match": 0.6803151936293699,
    "n_success": 10
  },
  "100": {
    "pycbc_time_s": 22.076439746000005,
    "predict_time_s": 1.5846826289999854,
    "mean_match": 0.6617565518101373,
    "n_success": 100
  },
  "1000": {
    "pycbc_time_s": 219.20436839500002,
    "predict_time_s": 15.916676223999957,
    "mean_match": 0.6695412231596402,
    "n_success": 1000
  }
}