{
  "10": {
    "pycbc_time_s": 3.116492483000002,
    "predict_time_ind_s": 0.09815963799997007,
    "mean_match": 0.9130444233475226,
    "n_success": 10
  },
  "100": {
    "pycbc_time_s": 20.762747659999945,
    "predict_time_ind_s": 0.10230311800000891,
    "mean_match": 0.5021010836633422,
    "n_success": 100
  },
  "1000": {
    "pycbc_time_s": 202.12634662800008,
    "predict_time_ind_s": 0.8057956799998465,
    "mean_match": 0.465638856794432,
    "n_success": 999
  }
}