{
  "10": {
    "pycbc_time_s": 2.0860602269999617,
    "predict_time_s": 0.0727275719998488,
    "mean_match": 0.466724644038953,
    "n_success": 10
  },
  "100": {
    "pycbc_time_s": 20.073032882999996,
    "predict_time_s": 0.27848740400008865,
    "mean_match": 0.44567932703308233,
    "n_success": 100
  },
  "1000": {
    "pycbc_time_s": 202.40240266699993,
    "predict_time_s": 2.3189939169999434,
    "mean_match": 0.44327629057635637,
    "n_success": 1000
  }
}