{"waveform_length": 2056, "delta_t": 0.00048638132295719845, "amp_scale": 1.2079229724426626e-18, "train_samples": 1000, "hessian_noise_var": 1.0}